country,at,be,dk,fr,de,it,lu,nl,ch,gb,se,mc,no,fi,es,pt,ie,mt,il,gr,tr,ma,cy,is,ba,hr,si,ee,hu,lt,pl,ro,ru,sk,mk,lv,ua,al,ad,by,bg,md,am,cz,ge,me,rs,az,sm,au
at,1.0,0.4,0.16666666666666666,0.16666666666666666,0.8,0.06666666666666667,0.5,0.4,0.6,0.36666666666666664,0.3333333333333333,0.3333333333333333,0.3333333333333333,0.2,0.0,0.2,0.36666666666666664,0.5333333333333333,0.2807017543859649,0.03333333333333333,0.06666666666666667,0.1,0.26666666666666666,0.3333333333333333,0.3333333333333333,0.13333333333333333,0.3,0.3333333333333333,0.26666666666666666,0.3333333333333333,0.16666666666666666,0.2,0.0,0.26666666666666666,0.3333333333333333,0.3333333333333333,0.2,0.3333333333333333,0.3333333333333333,0.0,0.16666666666666666,0.3333333333333333,0.3333333333333333,0.26666666666666666,0.3333333333333333,0.3333333333333333,0.13333333333333333,0.3333333333333333,0.3333333333333333,0.36666666666666664
be,0.4,1.0,0.2,0.4,0.36666666666666664,0.06666666666666667,0.7333333333333333,0.4666666666666667,0.7333333333333333,0.4,0.4,0.3333333333333333,0.3333333333333333,0.2,0.03333333333333333,0.23333333333333334,0.4,0.6333333333333333,0.24561403508771928,0.03333333333333333,0.06666666666666667,0.1,0.23333333333333334,0.26666666666666666,0.3333333333333333,0.13333333333333333,0.3,0.4,0.3333333333333333,0.43333333333333335,0.26666666666666666,0.16666666666666666,0.26666666666666666,0.23333333333333334,0.3333333333333333,0.36666666666666664,0.26666666666666666,0.3333333333333333,0.3333333333333333,0.0,0.23333333333333334,0.3333333333333333,0.3333333333333333,0.26666666666666666,0.4,0.3333333333333333,0.23333333333333334,0.3333333333333333,0.3333333333333333,0.36666666666666664
dk,0.16666666666666666,0.2,1.0,0.13333333333333333,0.16666666666666666,0.06666666666666667,0.2,0.16666666666666666,0.2,0.2,0.2,0.2,0.26666666666666666,0.16666666666666666,0.0,0.16666666666666666,0.2,0.2,0.17543859649122806,0.03333333333333333,0.06666666666666667,0.1,0.16666666666666666,0.16666666666666666,0.2,0.13333333333333333,0.2,0.2,0.16666666666666666,0.2,0.1,0.13333333333333333,0.0,0.16666666666666666,0.2,0.16666666666666666,0.13333333333333333,0.2,0.2,0.0,0.13333333333333333,0.2,0.2,0.16666666666666666,0.2,0.2,0.13333333333333333,0.2,0.2,0.2
fr,0.16666666666666666,0.4,0.13333333333333333,1.0,0.16666666666666666,0.06666666666666667,0.3,0.13333333333333333,0.3333333333333333,0.16666666666666666,0.16666666666666666,0.2,0.16666666666666666,0.13333333333333333,0.03333333333333333,0.16666666666666666,0.16666666666666666,0.16666666666666666,0.17543859649122806,0.03333333333333333,0.06666666666666667,0.1,0.16666666666666666,0.16666666666666666,0.2,0.13333333333333333,0.16666666666666666,0.26666666666666666,0.26666666666666666,0.26666666666666666,0.23333333333333334,0.16666666666666666,0.1,0.16666666666666666,0.2,0.26666666666666666,0.26666666666666666,0.2,0.2,0.0,0.23333333333333334,0.2,0.2,0.16666666666666666,0.26666666666666666,0.2,0.23333333333333334,0.2,0.2,0.16666666666666666
de,0.8,0.36666666666666664,0.16666666666666666,0.16666666666666666,1.0,0.06666666666666667,0.4666666666666667,0.36666666666666664,0.5333333333333333,0.3333333333333333,0.3333333333333333,0.3333333333333333,0.3333333333333333,0.2,0.0,0.2,0.3333333333333333,0.4666666666666667,0.2807017543859649,0.03333333333333333,0.06666666666666667,0.1,0.26666666666666666,0.3,0.3333333333333333,0.13333333333333333,0.3,0.3,0.26666666666666666,0.3333333333333333,0.16666666666666666,0.2,0.0,0.26666666666666666,0.3333333333333333,0.3,0.2,0.3333333333333333,0.3333333333333333,0.0,0.16666666666666666,0.3333333333333333,0.3333333333333333,0.26666666666666666,0.3,0.3333333333333333,0.13333333333333333,0.3333333333333333,0.3333333333333333,0.3
it,0.06666666666666667,0.06666666666666667,0.06666666666666667,0.06666666666666667,0.06666666666666667,1.0,0.06666666666666667,0.06666666666666667,0.06666666666666667,0.06666666666666667,0.06666666666666667,0.06666666666666667,0.06666666666666667,0.06666666666666667,0.0,0.06666666666666667,0.06666666666666667,0.06666666666666667,0.07017543859649122,0.0,0.06666666666666667,0.1,0.06666666666666667,0.06666666666666667,0.06666666666666667,0.06666666666666667,0.06666666666666667,0.06666666666666667,0.06666666666666667,0.06666666666666667,0.06666666666666667,0.06666666666666667,0.0,0.06666666666666667,0.06666666666666667,0.06666666666666667,0.06666666666666667,0.06666666666666667,0.06666666666666667,0.0,0.06666666666666667,0.06666666666666667,0.06666666666666667,0.06666666666666667,0.06666666666666667,0.06666666666666667,0.06666666666666667,0.06666666666666667,0.06666666666666667,0.06666666666666667
lu,0.5,0.7333333333333333,0.2,0.3,0.4666666666666667,0.06666666666666667,1.0,0.43333333333333335,0.8,0.4,0.4,0.36666666666666664,0.36666666666666664,0.2,0.03333333333333333,0.23333333333333334,0.4,0.7333333333333333,0.2807017543859649,0.03333333333333333,0.06666666666666667,0.1,0.26666666666666666,0.3,0.36666666666666664,0.13333333333333333,0.3,0.3333333333333333,0.26666666666666666,0.36666666666666664,0.16666666666666666,0.2,0.16666666666666666,0.26666666666666666,0.36666666666666664,0.3,0.2,0.36666666666666664,0.36666666666666664,0.0,0.16666666666666666,0.36666666666666664,0.36666666666666664,0.26666666666666666,0.3333333333333333,0.36666666666666664,0.13333333333333333,0.36666666666666664,0.36666666666666664,0.36666666666666664
nl,0.4,0.4666666666666667,0.16666666666666666,0.13333333333333333,0.36666666666666664,0.06666666666666667,0.43333333333333335,1.0,0.43333333333333335,0.3,0.3,0.23333333333333334,0.26666666666666666,0.16666666666666666,0.0,0.16666666666666666,0.3,0.4666666666666667,0.21052631578947367,0.0,0.06666666666666667,0.1,0.2,0.2,0.23333333333333334,0.1,0.23333333333333334,0.23333333333333334,0.2,0.26666666666666666,0.16666666666666666,0.13333333333333333,0.0,0.2,0.23333333333333334,0.2,0.13333333333333333,0.23333333333333334,0.23333333333333334,0.0,0.1,0.23333333333333334,0.23333333333333334,0.2,0.23333333333333334,0.23333333333333334,0.1,0.23333333333333334,0.23333333333333334,0.26666666666666666
ch,0.6,0.7333333333333333,0.2,0.3333333333333333,0.5333333333333333,0.06666666666666667,0.8,0.43333333333333335,1.0,0.4,0.4,0.36666666666666664,0.36666666666666664,0.2,0.03333333333333333,0.23333333333333334,0.4,0.7,0.2807017543859649,0.03333333333333333,0.06666666666666667,0.1,0.26666666666666666,0.3,0.36666666666666664,0.13333333333333333,0.3,0.43333333333333335,0.36666666666666664,0.4666666666666667,0.26666666666666666,0.2,0.23333333333333334,0.26666666666666666,0.36666666666666664,0.4,0.3,0.36666666666666664,0.36666666666666664,0.0,0.26666666666666666,0.36666666666666664,0.36666666666666664,0.26666666666666666,0.43333333333333335,0.36666666666666664,0.23333333333333334,0.36666666666666664,0.36666666666666664,0.36666666666666664
gb,0.36666666666666664,0.4,0.2,0.16666666666666666,0.3333333333333333,0.06666666666666667,0.4,0.3,0.4,1.0,0.4,0.5333333333333333,0.43333333333333335,0.2,0.0,0.2,0.8,0.6333333333333333,0.2807017543859649,0.03333333333333333,0.06666666666666667,0.1,0.26666666666666666,0.4,0.5333333333333333,0.13333333333333333,0.4,0.5666666666666667,0.26666666666666666,0.6333333333333333,0.16666666666666666,0.2,0.0,0.26666666666666666,0.5333333333333333,0.5333333333333333,0.2,0.5333333333333333,0.5333333333333333,0.0,0.16666666666666666,0.5333333333333333,0.5333333333333333,0.23333333333333334,0.5333333333333333,0.5333333333333333,0.13333333333333333,0.5333333333333333,0.5333333333333333,0.8
se,0.3333333333333333,0.4,0.2,0.16666666666666666,0.3333333333333333,0.06666666666666667,0.4,0.3,0.4,0.4,1.0,0.3333333333333333,0.4666666666666667,0.23333333333333334,0.0,0.2,0.43333333333333335,0.43333333333333335,0.2807017543859649,0.03333333333333333,0.06666666666666667,0.1,0.26666666666666666,0.3,0.3333333333333333,0.13333333333333333,0.3333333333333333,0.3333333333333333,0.26666666666666666,0.36666666666666664,0.16666666666666666,0.2,0.03333333333333333,0.26666666666666666,0.3333333333333333,0.3,0.2,0.3333333333333333,0.3333333333333333,0.0,0.16666666666666666,0.3333333333333333,0.3333333333333333,0.23333333333333334,0.3333333333333333,0.3333333333333333,0.13333333333333333,0.3333333333333333,0.3333333333333333,0.4666666666666667
mc,0.3333333333333333,0.3333333333333333,0.2,0.2,0.3333333333333333,0.06666666666666667,0.36666666666666664,0.23333333333333334,0.36666666666666664,0.5333333333333333,0.3333333333333333,1.0,0.36666666666666664,0.2,0.1,0.23333333333333334,0.4666666666666667,0.5,0.2807017543859649,0.03333333333333333,0.06666666666666667,0.1,0.26666666666666666,0.4,1.0,0.13333333333333333,0.4,0.5,0.26666666666666666,0.5,0.16666666666666666,0.23333333333333334,0.1,0.26666666666666666,1.0,0.5,0.2,1.0,1.0,0.03333333333333333,0.2,1.0,1.0,0.23333333333333334,0.6333333333333333,1.0,0.13333333333333333,1.0,1.0,0.5333333333333333
no,0.3333333333333333,0.3333333333333333,0.26666666666666666,0.16666666666666666,0.3333333333333333,0.06666666666666667,0.36666666666666664,0.26666666666666666,0.36666666666666664,0.43333333333333335,0.4666666666666667,0.36666666666666664,1.0,0.2,0.0,0.2,0.4666666666666667,0.4,0.2807017543859649,0.03333333333333333,0.06666666666666667,0.1,0.26666666666666666,0.3333333333333333,0.36666666666666664,0.13333333333333333,0.3333333333333333,0.36666666666666664,0.26666666666666666,0.4,0.16666666666666666,0.2,0.03333333333333333,0.26666666666666666,0.36666666666666664,0.3333333333333333,0.2,0.36666666666666664,0.36666666666666664,0.0,0.16666666666666666,0.36666666666666664,0.36666666666666664,0.23333333333333334,0.36666666666666664,0.36666666666666664,0.13333333333333333,0.36666666666666664,0.36666666666666664,0.4666666666666667
fi,0.2,0.2,0.16666666666666666,0.13333333333333333,0.2,0.06666666666666667,0.2,0.16666666666666666,0.2,0.2,0.23333333333333334,0.2,0.2,1.0,0.0,0.2,0.2,0.2,0.21052631578947367,0.03333333333333333,0.06666666666666667,0.1,0.2,0.2,0.2,0.13333333333333333,0.2,0.2,0.2,0.2,0.13333333333333333,0.13333333333333333,0.0,0.2,0.2,0.2,0.13333333333333333,0.2,0.2,0.0,0.13333333333333333,0.2,0.2,0.2,0.2,0.2,0.13333333333333333,0.2,0.2,0.2
es,0.0,0.03333333333333333,0.0,0.03333333333333333,0.0,0.0,0.03333333333333333,0.0,0.03333333333333333,0.0,0.0,0.1,0.0,0.0,1.0,0.03333333333333333,0.0,0.0,0.0,0.0,0.0,0.03333333333333333,0.0,0.0,0.1,0.0,0.0,0.0,0.0,0.0,0.0,0.0,0.0,0.0,0.1,0.0,0.0,0.1,0.1,0.0,0.0,0.1,0.1,0.0,0.0,0.1,0.0,0.1,0.1,0.0
pt,0.2,0.23333333333333334,0.16666666666666666,0.16666666666666666,0.2,0.06666666666666667,0.23333333333333334,0.16666666666666666,0.23333333333333334,0.2,0.2,0.23333333333333334,0.2,0.2,0.03333333333333333,1.0,0.2,0.2,0.21052631578947367,0.03333333333333333,0.06666666666666667,0.1,0.2,0.2,0.23333333333333334,0.13333333333333333,0.2,0.2,0.2,0.2,0.13333333333333333,0.13333333333333333,0.13333333333333333,0.2,0.23333333333333334,0.2,0.13333333333333333,0.23333333333333334,0.23333333333333334,0.0,0.13333333333333333,0.23333333333333334,0.23333333333333334,0.2,0.2,0.23333333333333334,0.13333333333333333,0.23333333333333334,0.23333333333333334,0.2
ie,0.36666666666666664,0.4,0.2,0.16666666666666666,0.3333333333333333,0.06666666666666667,0.4,0.3,0.4,0.8,0.43333333333333335,0.4666666666666667,0.4666666666666667,0.2,0.0,0.2,1.0,0.6333333333333333,0.2807017543859649,0.03333333333333333,0.06666666666666667,0.1,0.26666666666666666,0.4,0.4666666666666667,0.13333333333333333,0.36666666666666664,0.4666666666666667,0.26666666666666666,0.5333333333333333,0.16666666666666666,0.2,0.06666666666666667,0.26666666666666666,0.4666666666666667,0.43333333333333335,0.2,0.4666666666666667,0.4666666666666667,0.0,0.16666666666666666,0.4666666666666667,0.4666666666666667,0.23333333333333334,0.4666666666666667,0.4666666666666667,0.13333333333333333,0.4666666666666667,0.4666666666666667,0.7666666666666667
mt,0.5333333333333333,0.6333333333333333,0.2,0.16666666666666666,0.4666666666666667,0.06666666666666667,0.7333333333333333,0.4666666666666667,0.7,0.6333333333333333,0.43333333333333335,0.5,0.4,0.2,0.0,0.2,0.6333333333333333,1.0,0.2807017543859649,0.03333333333333333,0.06666666666666667,0.1,0.26666666666666666,0.4,0.5,0.13333333333333333,0.4,0.5,0.26666666666666666,0.5666666666666667,0.16666666666666666,0.2,0.2,0.26666666666666666,0.5,0.4666666666666667,0.2,0.5,0.5,0.0,0.16666666666666666,0.5,0.5,0.23333333333333334,0.5,0.5,0.13333333333333333,0.5,0.5,0.5666666666666667
il,0.2807017543859649,0.24561403508771928,0.17543859649122806,0.17543859649122806,0.2807017543859649,0.07017543859649122,0.2807017543859649,0.21052631578947367,0.2807017543859649,0.2807017543859649,0.2807017543859649,0.2807017543859649,0.2807017543859649,0.21052631578947367,0.0,0.21052631578947367,0.2807017543859649,0.2807017543859649,1.0,0.03508771929824561,0.07017543859649122,0.10526315789473684,0.2807017543859649,0.2807017543859649,0.2807017543859649,0.14035087719298245,0.2807017543859649,0.2807017543859649,0.2807017543859649,0.2807017543859649,0.17543859649122806,0.21052631578947367,0.0,0.2807017543859649,0.2807017543859649,0.2807017543859649,0.21052631578947367,0.2807017543859649,0.2807017543859649,0.0,0.17543859649122806,0.2807017543859649,0.2807017543859649,0.24561403508771928,0.2807017543859649,0.2807017543859649,0.14035087719298245,0.2807017543859649,0.2807017543859649,0.2807017543859649
gr,0.03333333333333333,0.03333333333333333,0.03333333333333333,0.03333333333333333,0.03333333333333333,0.0,0.03333333333333333,0.0,0.03333333333333333,0.03333333333333333,0.03333333333333333,0.03333333333333333,0.03333333333333333,0.03333333333333333,0.0,0.03333333333333333,0.03333333333333333,0.03333333333333333,0.03508771929824561,1.0,0.0,0.0,0.7333333333333333,0.03333333333333333,0.03333333333333333,0.03333333333333333,0.03333333333333333,0.03333333333333333,0.03333333333333333,0.03333333333333333,0.0,0.03333333333333333,0.0,0.03333333333333333,0.03333333333333333,0.03333333333333333,0.03333333333333333,0.03333333333333333,0.03333333333333333,0.0,0.03333333333333333,0.03333333333333333,0.03333333333333333,0.03333333333333333,0.03333333333333333,0.03333333333333333,0.03333333333333333,0.03333333333333333,0.03333333333333333,0.03333333333333333
tr,0.06666666666666667,0.06666666666666667,0.06666666666666667,0.06666666666666667,0.06666666666666667,0.06666666666666667,0.06666666666666667,0.06666666666666667,0.06666666666666667,0.06666666666666667,0.06666666666666667,0.06666666666666667,0.06666666666666667,0.06666666666666667,0.0,0.06666666666666667,0.06666666666666667,0.06666666666666667,0.07017543859649122,0.0,1.0,0.06666666666666667,0.06666666666666667,0.06666666666666667,0.06666666666666667,0.06666666666666667,0.06666666666666667,0.06666666666666667,0.06666666666666667,0.06666666666666667,0.06666666666666667,0.06666666666666667,0.0,0.06666666666666667,0.06666666666666667,0.06666666666666667,0.06666666666666667,0.06666666666666667,0.06666666666666667,0.0,0.06666666666666667,0.06666666666666667,0.06666666666666667,0.06666666666666667,0.06666666666666667,0.06666666666666667,0.06666666666666667,0.06666666666666667,0.06666666666666667,0.06666666666666667
ma,0.1,0.1,0.1,0.1,0.1,0.1,0.1,0.1,0.1,0.1,0.1,0.1,0.1,0.1,0.03333333333333333,0.1,0.1,0.1,0.10526315789473684,0.0,0.06666666666666667,1.0,0.1,0.1,0.1,0.1,0.1,0.1,0.1,0.1,0.1,0.1,0.06666666666666667,0.1,0.1,0.1,0.1,0.1,0.1,0.06666666666666667,0.1,0.1,0.1,0.1,0.1,0.1,0.1,0.1,0.1,0.1
cy,0.26666666666666666,0.23333333333333334,0.16666666666666666,0.16666666666666666,0.26666666666666666,0.06666666666666667,0.26666666666666666,0.2,0.26666666666666666,0.26666666666666666,0.26666666666666666,0.26666666666666666,0.26666666666666666,0.2,0.0,0.2,0.26666666666666666,0.26666666666666666,0.2807017543859649,0.7333333333333333,0.06666666666666667,0.1,1.0,0.26666666666666666,0.26666666666666666,0.13333333333333333,0.26666666666666666,0.26666666666666666,0.26666666666666666,0.26666666666666666,0.16666666666666666,0.2,0.0,0.26666666666666666,0.26666666666666666,0.26666666666666666,0.2,0.26666666666666666,0.26666666666666666,0.0,0.16666666666666666,0.26666666666666666,0.26666666666666666,0.23333333333333334,0.26666666666666666,0.26666666666666666,0.13333333333333333,0.26666666666666666,0.26666666666666666,0.26666666666666666
is,0.3333333333333333,0.26666666666666666,0.16666666666666666,0.16666666666666666,0.3,0.06666666666666667,0.3,0.2,0.3,0.4,0.3,0.4,0.3333333333333333,0.2,0.0,0.2,0.4,0.4,0.2807017543859649,0.03333333333333333,0.06666666666666667,0.1,0.26666666666666666,1.0,0.4,0.13333333333333333,0.3,0.4,0.26666666666666666,0.4,0.16666666666666666,0.2,0.0,0.26666666666666666,0.4,0.4,0.2,0.4,0.4,0.0,0.16666666666666666,0.4,0.4,0.23333333333333334,0.4,0.4,0.13333333333333333,0.4,0.4,0.4
ba,0.3333333333333333,0.3333333333333333,0.2,0.2,0.3333333333333333,0.06666666666666667,0.36666666666666664,0.23333333333333334,0.36666666666666664,0.5333333333333333,0.3333333333333333,1.0,0.36666666666666664,0.2,0.1,0.23333333333333334,0.4666666666666667,0.5,0.2807017543859649,0.03333333333333333,0.06666666666666667,0.1,0.26666666666666666,0.4,1.0,0.13333333333333333,0.4,0.5,0.26666666666666666,0.5,0.16666666666666666,0.23333333333333334,0.1,0.26666666666666666,1.0,0.5,0.2,1.0,1.0,0.03333333333333333,0.2,1.0,1.0,0.23333333333333334,0.6333333333333333,1.0,0.13333333333333333,1.0,1.0,0.5333333333333333
hr,0.13333333333333333,0.13333333333333333,0.13333333333333333,0.13333333333333333,0.13333333333333333,0.06666666666666667,0.13333333333333333,0.1,0.13333333333333333,0.13333333333333333,0.13333333333333333,0.13333333333333333,0.13333333333333333,0.13333333333333333,0.0,0.13333333333333333,0.13333333333333333,0.13333333333333333,0.14035087719298245,0.03333333333333333,0.06666666666666667,0.1,0.13333333333333333,0.13333333333333333,0.13333333333333333,1.0,0.6666666666666666,0.13333333333333333,0.13333333333333333,0.13333333333333333,0.1,0.13333333333333333,0.0,0.13333333333333333,0.13333333333333333,0.13333333333333333,0.13333333333333333,0.13333333333333333,0.13333333333333333,0.0,0.13333333333333333,0.13333333333333333,0.13333333333333333,0.13333333333333333,0.13333333333333333,0.13333333333333333,0.8333333333333334,0.13333333333333333,0.13333333333333333,0.13333333333333333
si,0.3,0.3,0.2,0.16666666666666666,0.3,0.06666666666666667,0.3,0.23333333333333334,0.3,0.4,0.3333333333333333,0.4,0.3333333333333333,0.2,0.0,0.2,0.36666666666666664,0.4,0.2807017543859649,0.03333333333333333,0.06666666666666667,0.1,0.26666666666666666,0.3,0.4,0.6666666666666666,1.0,0.4,0.26666666666666666,0.4,0.16666666666666666,0.2,0.0,0.26666666666666666,0.4,0.36666666666666664,0.2,0.4,0.4,0.0,0.16666666666666666,0.4,0.4,0.23333333333333334,0.4,0.4,0.6666666666666666,0.4,0.4,0.4
ee,0.3333333333333333,0.4,0.2,0.26666666666666666,0.3,0.06666666666666667,0.3333333333333333,0.23333333333333334,0.43333333333333335,0.5666666666666667,0.3333333333333333,0.5,0.36666666666666664,0.2,0.0,0.2,0.4666666666666667,0.5,0.2807017543859649,0.03333333333333333,0.06666666666666667,0.1,0.26666666666666666,0.4,0.5,0.13333333333333333,0.4,1.0,0.36666666666666664,0.7,0.26666666666666666,0.23333333333333334,0.1,0.26666666666666666,0.5,0.6333333333333333,0.3,0.5,0.5,0.0,0.26666666666666666,0.5,0.5,0.23333333333333334,0.6333333333333333,0.5,0.23333333333333334,0.5,0.5,0.5666666666666667
hu,0.26666666666666666,0.3333333333333333,0.16666666666666666,0.26666666666666666,0.26666666666666666,0.06666666666666667,0.26666666666666666,0.2,0.36666666666666664,0.26666666666666666,0.26666666666666666,0.26666666666666666,0.26666666666666666,0.2,0.0,0.2,0.26666666666666666,0.26666666666666666,0.2807017543859649,0.03333333333333333,0.06666666666666667,0.1,0.26666666666666666,0.26666666666666666,0.26666666666666666,0.13333333333333333,0.26666666666666666,0.36666666666666664,1.0,0.36666666666666664,0.26666666666666666,0.2,0.1,0.26666666666666666,0.26666666666666666,0.36666666666666664,0.3,0.26666666666666666,0.26666666666666666,0.0,0.26666666666666666,0.26666666666666666,0.26666666666666666,0.23333333333333334,0.36666666666666664,0.26666666666666666,0.23333333333333334,0.26666666666666666,0.26666666666666666,0.26666666666666666
lt,0.3333333333333333,0.43333333333333335,0.2,0.26666666666666666,0.3333333333333333,0.06666666666666667,0.36666666666666664,0.26666666666666666,0.4666666666666667,0.6333333333333333,0.36666666666666664,0.5,0.4,0.2,0.0,0.2,0.5333333333333333,0.5666666666666667,0.2807017543859649,0.03333333333333333,0.06666666666666667,0.1,0.26666666666666666,0.4,0.5,0.13333333333333333,0.4,0.7,0.36666666666666664,1.0,0.26666666666666666,0.23333333333333334,0.1,0.26666666666666666,0.5,0.6333333333333333,0.3,0.5,0.5,0.0,0.26666666666666666,0.5,0.5,0.23333333333333334,0.6333333333333333,0.5,0.23333333333333334,0.5,0.5,0.5666666666666667
pl,0.16666666666666666,0.26666666666666666,0.1,0.23333333333333334,0.16666666666666666,0.06666666666666667,0.16666666666666666,0.16666666666666666,0.26666666666666666,0.16666666666666666,0.16666666666666666,0.16666666666666666,0.16666666666666666,0.13333333333333333,0.0,0.13333333333333333,0.16666666666666666,0.16666666666666666,0.17543859649122806,0.0,0.06666666666666667,0.1,0.16666666666666666,0.16666666666666666,0.16666666666666666,0.1,0.16666666666666666,0.26666666666666666,0.26666666666666666,0.26666666666666666,1.0,0.13333333333333333,0.1,0.16666666666666666,0.16666666666666666,0.26666666666666666,0.23333333333333334,0.16666666666666666,0.16666666666666666,0.0,0.2,0.16666666666666666,0.16666666666666666,0.16666666666666666,0.26666666666666666,0.16666666666666666,0.2,0.16666666666666666,0.16666666666666666,0.16666666666666666
ro,0.2,0.16666666666666666,0.13333333333333333,0.16666666666666666,0.2,0.06666666666666667,0.2,0.13333333333333333,0.2,0.2,0.2,0.23333333333333334,0.2,0.13333333333333333,0.0,0.13333333333333333,0.2,0.2,0.21052631578947367,0.03333333333333333,0.06666666666666667,0.1,0.2,0.2,0.23333333333333334,0.13333333333333333,0.2,0.23333333333333334,0.2,0.23333333333333334,0.13333333333333333,1.0,0.03333333333333333,0.2,0.23333333333333334,0.23333333333333334,0.2,0.23333333333333334,0.23333333333333334,0.03333333333333333,0.2,0.23333333333333334,0.23333333333333334,0.16666666666666666,0.23333333333333334,0.23333333333333334,0.13333333333333333,0.23333333333333334,0.23333333333333334,0.2
ru,0.0,0.26666666666666666,0.0,0.1,0.0,0.0,0.16666666666666666,0.0,0.23333333333333334,0.0,0.03333333333333333,0.1,0.03333333333333333,0.0,0.0,0.13333333333333333,0.06666666666666667,0.2,0.0,0.0,0.0,0.06666666666666667,0.0,0.0,0.1,0.0,0.0,0.1,0.1,0.1,0.1,0.03333333333333333,1.0,0.0,0.1,0.13333333333333333,0.1,0.1,0.1,0.1,0.13333333333333333,0.1,0.1,0.0,0.13333333333333333,0.1,0.1,0.1,0.1,0.03333333333333333
sk,0.26666666666666666,0.23333333333333334,0.16666666666666666,0.16666666666666666,0.26666666666666666,0.06666666666666667,0.26666666666666666,0.2,0.26666666666666666,0.26666666666666666,0.26666666666666666,0.26666666666666666,0.26666666666666666,0.2,0.0,0.2,0.26666666666666666,0.26666666666666666,0.2807017543859649,0.03333333333333333,0.06666666666666667,0.1,0.26666666666666666,0.26666666666666666,0.26666666666666666,0.13333333333333333,0.26666666666666666,0.26666666666666666,0.26666666666666666,0.26666666666666666,0.16666666666666666,0.2,0.0,1.0,0.26666666666666666,0.26666666666666666,0.2,0.26666666666666666,0.26666666666666666,0.0,0.16666666666666666,0.26666666666666666,0.26666666666666666,0.7666666666666667,0.26666666666666666,0.26666666666666666,0.13333333333333333,0.26666666666666666,0.26666666666666666,0.26666666666666666
mk,0.3333333333333333,0.3333333333333333,0.2,0.2,0.3333333333333333,0.06666666666666667,0.36666666666666664,0.23333333333333334,0.36666666666666664,0.5333333333333333,0.3333333333333333,1.0,0.36666666666666664,0.2,0.1,0.23333333333333334,0.4666666666666667,0.5,0.2807017543859649,0.03333333333333333,0.06666666666666667,0.1,0.26666666666666666,0.4,1.0,0.13333333333333333,0.4,0.5,0.26666666666666666,0.5,0.16666666666666666,0.23333333333333334,0.1,0.26666666666666666,1.0,0.5,0.2,1.0,1.0,0.03333333333333333,0.2,1.0,1.0,0.23333333333333334,0.6333333333333333,1.0,0.13333333333333333,1.0,1.0,0.5333333333333333
lv,0.3333333333333333,0.36666666666666664,0.16666666666666666,0.26666666666666666,0.3,0.06666666666666667,0.3,0.2,0.4,0.5333333333333333,0.3,0.5,0.3333333333333333,0.2,0.0,0.2,0.43333333333333335,0.4666666666666667,0.2807017543859649,0.03333333333333333,0.06666666666666667,0.1,0.26666666666666666,0.4,0.5,0.13333333333333333,0.36666666666666664,0.6333333333333333,0.36666666666666664,0.6333333333333333,0.26666666666666666,0.23333333333333334,0.13333333333333333,0.26666666666666666,0.5,1.0,0.3,0.5,0.5,0.06666666666666667,0.3,0.5,0.5,0.23333333333333334,0.5666666666666667,0.5,0.23333333333333334,0.5,0.5,0.5333333333333333
ua,0.2,0.26666666666666666,0.13333333333333333,0.26666666666666666,0.2,0.06666666666666667,0.2,0.13333333333333333,0.3,0.2,0.2,0.2,0.2,0.13333333333333333,0.0,0.13333333333333333,0.2,0.2,0.21052631578947367,0.03333333333333333,0.06666666666666667,0.1,0.2,0.2,0.2,0.13333333333333333,0.2,0.3,0.3,0.3,0.23333333333333334,0.2,0.1,0.2,0.2,0.3,1.0,0.2,0.2,0.26666666666666666,0.26666666666666666,0.2,0.2,0.16666666666666666,0.3,0.2,0.23333333333333334,0.2,0.2,0.2
al,0.3333333333333333,0.3333333333333333,0.2,0.2,0.3333333333333333,0.06666666666666667,0.36666666666666664,0.23333333333333334,0.36666666666666664,0.5333333333333333,0.3333333333333333,1.0,0.36666666666666664,0.2,0.1,0.23333333333333334,0.4666666666666667,0.5,0.2807017543859649,0.03333333333333333,0.06666666666666667,0.1,0.26666666666666666,0.4,1.0,0.13333333333333333,0.4,0.5,0.26666666666666666,0.5,0.16666666666666666,0.23333333333333334,0.1,0.26666666666666666,1.0,0.5,0.2,1.0,1.0,0.03333333333333333,0.2,1.0,1.0,0.23333333333333334,0.6333333333333333,1.0,0.13333333333333333,1.0,1.0,0.5333333333333333
ad,0.3333333333333333,0.3333333333333333,0.2,0.2,0.3333333333333333,0.06666666666666667,0.36666666666666664,0.23333333333333334,0.36666666666666664,0.5333333333333333,0.3333333333333333,1.0,0.36666666666666664,0.2,0.1,0.23333333333333334,0.4666666666666667,0.5,0.2807017543859649,0.03333333333333333,0.06666666666666667,0.1,0.26666666666666666,0.4,1.0,0.13333333333333333,0.4,0.5,0.26666666666666666,0.5,0.16666666666666666,0.23333333333333334,0.1,0.26666666666666666,1.0,0.5,0.2,1.0,1.0,0.03333333333333333,0.2,1.0,1.0,0.23333333333333334,0.6333333333333333,1.0,0.13333333333333333,1.0,1.0,0.5333333333333333
by,0.0,0.0,0.0,0.0,0.0,0.0,0.0,0.0,0.0,0.0,0.0,0.03333333333333333,0.0,0.0,0.0,0.0,0.0,0.0,0.0,0.0,0.0,0.06666666666666667,0.0,0.0,0.03333333333333333,0.0,0.0,0.0,0.0,0.0,0.0,0.03333333333333333,0.1,0.0,0.03333333333333333,0.06666666666666667,0.26666666666666666,0.03333333333333333,0.03333333333333333,1.0,0.03333333333333333,0.03333333333333333,0.03333333333333333,0.0,0.0,0.03333333333333333,0.0,0.03333333333333333,0.03333333333333333,0.0
bg,0.16666666666666666,0.23333333333333334,0.13333333333333333,0.23333333333333334,0.16666666666666666,0.06666666666666667,0.16666666666666666,0.1,0.26666666666666666,0.16666666666666666,0.16666666666666666,0.2,0.16666666666666666,0.13333333333333333,0.0,0.13333333333333333,0.16666666666666666,0.16666666666666666,0.17543859649122806,0.03333333333333333,0.06666666666666667,0.1,0.16666666666666666,0.16666666666666666,0.2,0.13333333333333333,0.16666666666666666,0.26666666666666666,0.26666666666666666,0.26666666666666666,0.2,0.2,0.13333333333333333,0.16666666666666666,0.2,0.3,0.26666666666666666,0.2,0.2,0.03333333333333333,1.0,0.2,0.2,0.13333333333333333,0.26666666666666666,0.2,0.23333333333333334,0.2,0.2,0.16666666666666666
md,0.3333333333333333,0.3333333333333333,0.2,0.2,0.3333333333333333,0.06666666666666667,0.36666666666666664,0.23333333333333334,0.36666666666666664,0.5333333333333333,0.3333333333333333,1.0,0.36666666666666664,0.2,0.1,0.23333333333333334,0.4666666666666667,0.5,0.2807017543859649,0.03333333333333333,0.06666666666666667,0.1,0.26666666666666666,0.4,1.0,0.13333333333333333,0.4,0.5,0.26666666666666666,0.5,0.16666666666666666,0.23333333333333334,0.1,0.26666666666666666,1.0,0.5,0.2,1.0,1.0,0.03333333333333333,0.2,1.0,1.0,0.23333333333333334,0.6333333333333333,1.0,0.13333333333333333,1.0,1.0,0.5333333333333333
am,0.3333333333333333,0.3333333333333333,0.2,0.2,0.3333333333333333,0.06666666666666667,0.36666666666666664,0.23333333333333334,0.36666666666666664,0.5333333333333333,0.3333333333333333,1.0,0.36666666666666664,0.2,0.1,0.23333333333333334,0.4666666666666667,0.5,0.2807017543859649,0.03333333333333333,0.06666666666666667,0.1,0.26666666666666666,0.4,1.0,0.13333333333333333,0.4,0.5,0.26666666666666666,0.5,0.16666666666666666,0.23333333333333334,0.1,0.26666666666666666,1.0,0.5,0.2,1.0,1.0,0.03333333333333333,0.2,1.0,1.0,0.23333333333333334,0.6333333333333333,1.0,0.13333333333333333,1.0,1.0,0.5333333333333333
cz,0.26666666666666666,0.26666666666666666,0.16666666666666666,0.16666666666666666,0.26666666666666666,0.06666666666666667,0.26666666666666666,0.2,0.26666666666666666,0.23333333333333334,0.23333333333333334,0.23333333333333334,0.23333333333333334,0.2,0.0,0.2,0.23333333333333334,0.23333333333333334,0.24561403508771928,0.03333333333333333,0.06666666666666667,0.1,0.23333333333333334,0.23333333333333334,0.23333333333333334,0.13333333333333333,0.23333333333333334,0.23333333333333334,0.23333333333333334,0.23333333333333334,0.16666666666666666,0.16666666666666666,0.0,0.7666666666666667,0.23333333333333334,0.23333333333333334,0.16666666666666666,0.23333333333333334,0.23333333333333334,0.0,0.13333333333333333,0.23333333333333334,0.23333333333333334,1.0,0.23333333333333334,0.23333333333333334,0.13333333333333333,0.23333333333333334,0.23333333333333334,0.23333333333333334
ge,0.3333333333333333,0.4,0.2,0.26666666666666666,0.3,0.06666666666666667,0.3333333333333333,0.23333333333333334,0.43333333333333335,0.5333333333333333,0.3333333333333333,0.6333333333333333,0.36666666666666664,0.2,0.0,0.2,0.4666666666666667,0.5,0.2807017543859649,0.03333333333333333,0.06666666666666667,0.1,0.26666666666666666,0.4,0.6333333333333333,0.13333333333333333,0.4,0.6333333333333333,0.36666666666666664,0.6333333333333333,0.26666666666666666,0.23333333333333334,0.13333333333333333,0.26666666666666666,0.6333333333333333,0.5666666666666667,0.3,0.6333333333333333,0.6333333333333333,0.0,0.26666666666666666,0.6333333333333333,0.6333333333333333,0.23333333333333334,1.0,0.6333333333333333,0.23333333333333334,0.6333333333333333,0.6333333333333333,0.5666666666666667
me,0.3333333333333333,0.3333333333333333,0.2,0.2,0.3333333333333333,0.06666666666666667,0.36666666666666664,0.23333333333333334,0.36666666666666664,0.5333333333333333,0.3333333333333333,1.0,0.36666666666666664,0.2,0.1,0.23333333333333334,0.4666666666666667,0.5,0.2807017543859649,0.03333333333333333,0.06666666666666667,0.1,0.26666666666666666,0.4,1.0,0.13333333333333333,0.4,0.5,0.26666666666666666,0.5,0.16666666666666666,0.23333333333333334,0.1,0.26666666666666666,1.0,0.5,0.2,1.0,1.0,0.03333333333333333,0.2,1.0,1.0,0.23333333333333334,0.6333333333333333,1.0,0.13333333333333333,1.0,1.0,0.5333333333333333
rs,0.13333333333333333,0.23333333333333334,0.13333333333333333,0.23333333333333334,0.13333333333333333,0.06666666666666667,0.13333333333333333,0.1,0.23333333333333334,0.13333333333333333,0.13333333333333333,0.13333333333333333,0.13333333333333333,0.13333333333333333,0.0,0.13333333333333333,0.13333333333333333,0.13333333333333333,0.14035087719298245,0.03333333333333333,0.06666666666666667,0.1,0.13333333333333333,0.13333333333333333,0.13333333333333333,0.8333333333333334,0.6666666666666666,0.23333333333333334,0.23333333333333334,0.23333333333333334,0.2,0.13333333333333333,0.1,0.13333333333333333,0.13333333333333333,0.23333333333333334,0.23333333333333334,0.13333333333333333,0.13333333333333333,0.0,0.23333333333333334,0.13333333333333333,0.13333333333333333,0.13333333333333333,0.23333333333333334,0.13333333333333333,1.0,0.13333333333333333,0.13333333333333333,0.13333333333333333
az,0.3333333333333333,0.3333333333333333,0.2,0.2,0.3333333333333333,0.06666666666666667,0.36666666666666664,0.23333333333333334,0.36666666666666664,0.5333333333333333,0.3333333333333333,1.0,0.36666666666666664,0.2,0.1,0.23333333333333334,0.4666666666666667,0.5,0.2807017543859649,0.03333333333333333,0.06666666666666667,0.1,0.26666666666666666,0.4,1.0,0.13333333333333333,0.4,0.5,0.26666666666666666,0.5,0.16666666666666666,0.23333333333333334,0.1,0.26666666666666666,1.0,0.5,0.2,1.0,1.0,0.03333333333333333,0.2,1.0,1.0,0.23333333333333334,0.6333333333333333,1.0,0.13333333333333333,1.0,1.0,0.5333333333333333
sm,0.3333333333333333,0.3333333333333333,0.2,0.2,0.3333333333333333,0.06666666666666667,0.36666666666666664,0.23333333333333334,0.36666666666666664,0.5333333333333333,0.3333333333333333,1.0,0.36666666666666664,0.2,0.1,0.23333333333333334,0.4666666666666667,0.5,0.2807017543859649,0.03333333333333333,0.06666666666666667,0.1,0.26666666666666666,0.4,1.0,0.13333333333333333,0.4,0.5,0.26666666666666666,0.5,0.16666666666666666,0.23333333333333334,0.1,0.26666666666666666,1.0,0.5,0.2,1.0,1.0,0.03333333333333333,0.2,1.0,1.0,0.23333333333333334,0.6333333333333333,1.0,0.13333333333333333,1.0,1.0,0.5333333333333333
au,0.36666666666666664,0.36666666666666664,0.2,0.16666666666666666,0.3,0.06666666666666667,0.36666666666666664,0.26666666666666666,0.36666666666666664,0.8,0.4666666666666667,0.5333333333333333,0.4666666666666667,0.2,0.0,0.2,0.7666666666666667,0.5666666666666667,0.2807017543859649,0.03333333333333333,0.06666666666666667,0.1,0.26666666666666666,0.4,0.5333333333333333,0.13333333333333333,0.4,0.5666666666666667,0.26666666666666666,0.5666666666666667,0.16666666666666666,0.2,0.03333333333333333,0.26666666666666666,0.5333333333333333,0.5333333333333333,0.2,0.5333333333333333,0.5333333333333333,0.0,0.16666666666666666,0.5333333333333333,0.5333333333333333,0.23333333333333334,0.5666666666666667,0.5333333333333333,0.13333333333333333,0.5333333333333333,0.5333333333333333,1.0
